type,id,content,style,language,visible,condition,metadata
spacer,cover_spacer,,default,en,true,,height=30
title,cover_title,report.single_title,apa_title,en,true,,
subtitle,cover_author,{{author_label}},apa_title,en,true,,
paragraph,cover_institution,report.institution,apa_title,en,true,,
page_break,pb_cover,,default,en,true,,
heading,executive_summary,report.executive_summary,apa_heading,en,true,,
paragraph,summary_info,{{summary_text}},apa_body,en,true,,
heading,summary_table_heading,Resumen de Problemas,apa_subheading,en,true,,
table,summary_table,,apa_table,en,true,,caption=Resumen de resultados
